building,mean,min,max,sum
Building_A,23.305555555555557,10,39,1678
Building_B,22.02777777777778,10,39,1586
Building_C,23.708333333333332,10,39,1707
